start_time,end_time,text
0.0,8.7,"We have already understood three types of operators: arithmetic, relational, and logical operators. This explanation helps clarify the concept in a structured and intuitive manner."
8.7,9.7,At this point we will move forward. This explanation helps clarify the concept in a structured and intuitive manner.
9.7,15.38,"In this section, we now discuss assignment operators, starting with the basic assignment operator. This explanation helps clarify the concept in a structured and intuitive manner."
15.38,18.1,The equals operator is the simplest assignment operator we have already used. This explanation helps clarify the concept in a structured and intuitive manner.
18.1,24.54,At this point let us understand the other assignment operators used in programming. This explanation helps clarify the concept in a structured and intuitive manner.
24.54,25.54,"In this section, we begin. This explanation helps clarify the concept in a structured and intuitive manner."
25.54,27.54,Here we can see an example. This explanation helps clarify the concept in a structured and intuitive manner.
28.54,35.78,"If variable a is equal to 12, it means the value 12 is stored in a. This explanation helps clarify the concept in a structured and intuitive manner."
35.78,36.78,That is the current value of a. This explanation helps clarify the concept in a structured and intuitive manner.
36.78,41.94,At this point we can overwrite this value. This explanation helps clarify the concept in a structured and intuitive manner.
41.94,46.06,"As a practical example, if we assign a = 9, the value changes. This explanation helps clarify the concept in a structured and intuitive manner."
46.06,54.74,"When we print a now, it will display 9 instead of 12. This explanation helps clarify the concept in a structured and intuitive manner."
54.74,63.34,"The previous value is replaced, and the new value of a becomes 9. This explanation helps clarify the concept in a structured and intuitive manner."
63.34,65.46,This is how reassignment works. This explanation helps clarify the concept in a structured and intuitive manner.
65.46,71.3,At this point let us assume we want to add a number to a. This explanation helps clarify the concept in a structured and intuitive manner.
71.3,75.7,We can write a = a + 5. This explanation helps clarify the concept in a structured and intuitive manner.
75.7,84.7,This means the current value of a is increased by 5. This explanation helps clarify the concept in a structured and intuitive manner.
84.7,93.9,The result is then stored back into variable a. This explanation helps clarify the concept in a structured and intuitive manner.
93.9,98.22,"As a practical example, 12 plus 5 results in 17. This explanation helps clarify the concept in a structured and intuitive manner."
98.22,102.22,"In this section, we compile the program. This explanation helps clarify the concept in a structured and intuitive manner."
102.22,108.06,The output will be 17. This explanation helps clarify the concept in a structured and intuitive manner.
108.06,112.46,This confirms the addition was successful. This explanation helps clarify the concept in a structured and intuitive manner.
112.46,121.18,"Instead of this long expression, we can use a compound assignment operator. This explanation helps clarify the concept in a structured and intuitive manner."
121.18,131.86,Using a += 5 performs the same operation as a = a + 5. This explanation helps clarify the concept in a structured and intuitive manner.
131.86,139.34,Both statements are logically equivalent. This explanation helps clarify the concept in a structured and intuitive manner.
139.34,154.3,"In this section, we run the program again to confirm there are no errors. This explanation helps clarify the concept in a structured and intuitive manner."
154.3,156.74,The terminal is open. This explanation helps clarify the concept in a structured and intuitive manner.
156.74,161.58,The output remains the same. This explanation helps clarify the concept in a structured and intuitive manner.
161.58,166.74,This completes the discussion on assignment operators. This explanation helps clarify the concept in a structured and intuitive manner.
166.74,173.62,"Other compound operators also exist for subtraction, multiplication, division, and modulus. This explanation helps clarify the concept in a structured and intuitive manner."
173.62,176.3,They all follow the same pattern. This explanation helps clarify the concept in a structured and intuitive manner.
176.3,180.5,"Next, we move to increment and decrement operators. This explanation helps clarify the concept in a structured and intuitive manner."
180.5,182.74,"In this section, we examine them. This explanation helps clarify the concept in a structured and intuitive manner."
182.74,185.9,These are interesting operators. This explanation helps clarify the concept in a structured and intuitive manner.
185.9,188.1,"In this section, we see how they work. This explanation helps clarify the concept in a structured and intuitive manner."
188.1,196.7,Increment and decrement are unary operators. This explanation helps clarify the concept in a structured and intuitive manner.
196.7,202.38,They operate on a single variable. This explanation helps clarify the concept in a structured and intuitive manner.
202.38,210.9,The increment operator increases the value by one. This explanation helps clarify the concept in a structured and intuitive manner.
210.9,216.06,"As a practical example, a++ adds 1 to a. This explanation helps clarify the concept in a structured and intuitive manner."
216.06,220.42,"In this section, we observe this in execution. This explanation helps clarify the concept in a structured and intuitive manner."
220.42,223.98,We check the output. This explanation helps clarify the concept in a structured and intuitive manner.
224.02,231.42,"The original value was 12, and it becomes 13. This explanation helps clarify the concept in a structured and intuitive manner."
231.42,234.5,"However, there is an important distinction. This explanation helps clarify the concept in a structured and intuitive manner."
234.5,238.78,This difference must be understood clearly. This explanation helps clarify the concept in a structured and intuitive manner.
238.78,246.54,We can write the increment as a++ or ++a. This explanation helps clarify the concept in a structured and intuitive manner.
246.54,249.18,These two forms behave differently. This explanation helps clarify the concept in a structured and intuitive manner.
249.18,253.74,Prefix increment increments the value immediately. This explanation helps clarify the concept in a structured and intuitive manner.
253.74,259.94,So ++a changes the value before it is used. This explanation helps clarify the concept in a structured and intuitive manner.
259.94,263.22,The value becomes 13 instantly. This explanation helps clarify the concept in a structured and intuitive manner.
263.22,266.1,Printing a will show 13. This explanation helps clarify the concept in a structured and intuitive manner.
266.1,276.26,"In contrast, a++ uses the value first. This explanation helps clarify the concept in a structured and intuitive manner."
276.26,282.94,The increment happens after usage. This explanation helps clarify the concept in a structured and intuitive manner.
282.94,285.22,"In this section, we demonstrate this difference. This explanation helps clarify the concept in a structured and intuitive manner."
285.22,294.18,We will use a++ in a print statement. This explanation helps clarify the concept in a structured and intuitive manner.
294.18,297.18,The code is compiled. This explanation helps clarify the concept in a structured and intuitive manner.
297.18,306.06,"In this section, we check the result. This explanation helps clarify the concept in a structured and intuitive manner."
306.06,311.18,The output remains 12. This explanation helps clarify the concept in a structured and intuitive manner.
311.42,314.26,The increment happens afterward. This explanation helps clarify the concept in a structured and intuitive manner.
314.26,323.94,At this point we apply the prefix increment ++a. This explanation helps clarify the concept in a structured and intuitive manner.
323.94,324.94,We compile again. This explanation helps clarify the concept in a structured and intuitive manner.
324.94,326.94,An additional operator is added. This explanation helps clarify the concept in a structured and intuitive manner.
326.94,328.94,The syntax is corrected. This explanation helps clarify the concept in a structured and intuitive manner.
328.94,329.94,The program is ready. This explanation helps clarify the concept in a structured and intuitive manner.
329.94,339.42,Brackets are used to avoid ambiguity. This explanation helps clarify the concept in a structured and intuitive manner.
339.46,347.18,This ensures proper evaluation of the expression. This explanation helps clarify the concept in a structured and intuitive manner.
347.18,348.18,At this point we compile. This explanation helps clarify the concept in a structured and intuitive manner.
348.18,350.18,The program runs successfully. This explanation helps clarify the concept in a structured and intuitive manner.
350.18,356.7,The value is incremented immediately. This explanation helps clarify the concept in a structured and intuitive manner.
356.7,357.9,The output is 13. This explanation helps clarify the concept in a structured and intuitive manner.
357.9,369.38,The same logic applies to the decrement operator. This explanation helps clarify the concept in a structured and intuitive manner.
369.38,371.38,Using -- reduces the value by one. This explanation helps clarify the concept in a structured and intuitive manner.
371.38,376.86,"As a practical example, the result becomes 11. This explanation helps clarify the concept in a structured and intuitive manner."
376.86,396.94,At this point let us discuss the conditional operator. This explanation helps clarify the concept in a structured and intuitive manner.
396.94,403.74,The conditional operator uses a question mark. This explanation helps clarify the concept in a structured and intuitive manner.
403.74,411.94,It evaluates a condition and returns a value. This explanation helps clarify the concept in a structured and intuitive manner.
411.94,415.3,"We declare two variables, for example 12 and 9. This explanation helps clarify the concept in a structured and intuitive manner."
415.3,422.1,We also declare a result variable. This explanation helps clarify the concept in a structured and intuitive manner.
422.1,427.98,The result depends on a condition. This explanation helps clarify the concept in a structured and intuitive manner.
427.98,434.38,The condition is written using relational or logical operators. This explanation helps clarify the concept in a structured and intuitive manner.
434.38,436.3,These operators were discussed earlier. This explanation helps clarify the concept in a structured and intuitive manner.
436.3,446.1,"If a is greater than b, the condition becomes true. This explanation helps clarify the concept in a structured and intuitive manner."
446.1,460.42,The syntax uses a question mark followed by true and false values. This explanation helps clarify the concept in a structured and intuitive manner.
460.42,470.42,Values are written in quotations if they are strings. This explanation helps clarify the concept in a structured and intuitive manner.
470.42,477.7,This determines the final result. This explanation helps clarify the concept in a structured and intuitive manner.
477.7,483.54,"In this section, we understand the logic clearly. This explanation helps clarify the concept in a structured and intuitive manner."
483.54,498.74,"If the condition is true, the first value is returned. This explanation helps clarify the concept in a structured and intuitive manner."
498.74,509.9,"If the condition is false, the second value is returned. This explanation helps clarify the concept in a structured and intuitive manner."
509.9,517.3,The larger value between a and b is selected. This explanation helps clarify the concept in a structured and intuitive manner.
517.3,519.58,This is how the operator works. This explanation helps clarify the concept in a structured and intuitive manner.
519.58,526.54,"If a is greater than b, the result is a. This explanation helps clarify the concept in a structured and intuitive manner."
526.54,534.1,"Otherwise, the result is b. This explanation helps clarify the concept in a structured and intuitive manner."
534.1,538.7,This completes the condition. This explanation helps clarify the concept in a structured and intuitive manner.
538.7,547.26,"In our example, the result is 12. This explanation helps clarify the concept in a structured and intuitive manner."
547.26,556.98,Because 12 is greater than 9. This explanation helps clarify the concept in a structured and intuitive manner.
556.98,558.34,That is correct. This explanation helps clarify the concept in a structured and intuitive manner.
558.34,566.18,"If b were 90, the condition would be false. This explanation helps clarify the concept in a structured and intuitive manner."
566.18,568.38,Then the result would be 90. This explanation helps clarify the concept in a structured and intuitive manner.
568.38,581.06,This demonstrates conditional operator behavior. This explanation helps clarify the concept in a structured and intuitive manner.
581.06,586.9,At this point we conclude the topic. This explanation helps clarify the concept in a structured and intuitive manner.
586.9,593.34,"We covered arithmetic, relational, logical, assignment, increment, and conditional operators. This explanation helps clarify the concept in a structured and intuitive manner."
593.34,602.34,These operators are fundamental in programming. This explanation helps clarify the concept in a structured and intuitive manner.
602.34,608.58,Understanding them is essential. This explanation helps clarify the concept in a structured and intuitive manner.
608.58,610.3,This concludes the explanation. This explanation helps clarify the concept in a structured and intuitive manner.
